year_month,claims,paid,member_months,paid_pmpm,pmpm_mom_pct
2024-01,3190,3293669.0,5668,581.1,
2024-02,3055,2771616.0,5791,478.61,-17.6
2024-03,2127,1817816.0,5918,307.17,-35.8
2024-04,2073,1857388.0,6051,306.96,-0.1
2024-05,2070,1992439.0,6124,325.35,6.0
2024-06,2000,1750049.0,6205,282.04,-13.3
2024-07,2041,1742331.0,6281,277.4,-1.6
2024-08,2085,2151352.0,6359,338.32,22.0
2024-09,1973,1835711.0,6438,285.14,-15.7
2024-10,2065,2078787.0,6493,320.16,12.3
2024-11,1915,1944182.0,6538,297.37,-7.1
2024-12,3134,2953512.0,6600,447.5,50.5
2025-01,3286,3085301.0,6656,463.54,3.6
2025-02,3047,3066933.0,6722,456.25,-1.6
2025-03,2136,1703295.0,6801,250.45,-45.1
2025-04,2194,2023681.0,6858,295.08,17.8
2025-05,2328,2660912.0,6928,384.08,30.2
2025-06,2421,2634539.0,7005,376.09,-2.1
2025-07,2455,2404094.0,6984,344.23,-8.5
2025-08,2524,2299171.0,6961,330.29,-4.0
2025-09,2406,2125846.0,6946,306.05,-7.3
2025-10,2435,2312731.0,6912,334.6,9.3
2025-11,2336,2225563.0,6887,323.15,-3.4
2025-12,3626,1170576.0,6869,170.41,-47.3
